"method","K","p","n","nt","rep","model_type","setting_id","effect_type","prob_type","FUN","effect","dim_mse"
"grad",4,5,20000,100,1,"vcm","3",3,NA,"lm_forest","theta1",0.0329767517777155
"grad",4,5,20000,100,1,"vcm","3",3,NA,"lm_forest","theta2",0.0306667395554583
"grad",4,5,20000,100,1,"vcm","3",3,NA,"lm_forest","theta3",0.0176957858629185
"grad",4,5,20000,100,1,"vcm","3",3,NA,"lm_forest","theta4",0.0250256512024772
"FPT",4,5,20000,100,1,"vcm","3",3,NA,"lm_forest","theta1",0.0332798348023724
"FPT",4,5,20000,100,1,"vcm","3",3,NA,"lm_forest","theta2",0.0318630639399498
"FPT",4,5,20000,100,1,"vcm","3",3,NA,"lm_forest","theta3",0.0173915132186299
"FPT",4,5,20000,100,1,"vcm","3",3,NA,"lm_forest","theta4",0.0247868643310807
"grad",4,5,20000,100,2,"vcm","3",3,NA,"lm_forest","theta1",0.00968539965764067
"grad",4,5,20000,100,2,"vcm","3",3,NA,"lm_forest","theta2",0.0261440983455271
"grad",4,5,20000,100,2,"vcm","3",3,NA,"lm_forest","theta3",0.0105713286943526
"grad",4,5,20000,100,2,"vcm","3",3,NA,"lm_forest","theta4",0.00990185801968117
"FPT",4,5,20000,100,2,"vcm","3",3,NA,"lm_forest","theta1",0.00952834712097686
"FPT",4,5,20000,100,2,"vcm","3",3,NA,"lm_forest","theta2",0.0258420543181473
"FPT",4,5,20000,100,2,"vcm","3",3,NA,"lm_forest","theta3",0.0105962932424796
"FPT",4,5,20000,100,2,"vcm","3",3,NA,"lm_forest","theta4",0.0102138260207142
"grad",4,5,20000,100,3,"vcm","3",3,NA,"lm_forest","theta1",0.0233729554929161
"grad",4,5,20000,100,3,"vcm","3",3,NA,"lm_forest","theta2",0.00920636741009444
"grad",4,5,20000,100,3,"vcm","3",3,NA,"lm_forest","theta3",0.00948900778362428
"grad",4,5,20000,100,3,"vcm","3",3,NA,"lm_forest","theta4",0.0195510636118362
"FPT",4,5,20000,100,3,"vcm","3",3,NA,"lm_forest","theta1",0.0230104668555285
"FPT",4,5,20000,100,3,"vcm","3",3,NA,"lm_forest","theta2",0.00873047363781806
"FPT",4,5,20000,100,3,"vcm","3",3,NA,"lm_forest","theta3",0.0090790116444157
"FPT",4,5,20000,100,3,"vcm","3",3,NA,"lm_forest","theta4",0.0193998731165319
"grad",4,5,20000,100,4,"vcm","3",3,NA,"lm_forest","theta1",0.01066040077285
"grad",4,5,20000,100,4,"vcm","3",3,NA,"lm_forest","theta2",0.032008192974937
"grad",4,5,20000,100,4,"vcm","3",3,NA,"lm_forest","theta3",0.0214979956826691
"grad",4,5,20000,100,4,"vcm","3",3,NA,"lm_forest","theta4",0.0256153926857154
"FPT",4,5,20000,100,4,"vcm","3",3,NA,"lm_forest","theta1",0.0104237497309071
"FPT",4,5,20000,100,4,"vcm","3",3,NA,"lm_forest","theta2",0.0310260335025599
"FPT",4,5,20000,100,4,"vcm","3",3,NA,"lm_forest","theta3",0.021411988038613
"FPT",4,5,20000,100,4,"vcm","3",3,NA,"lm_forest","theta4",0.0268731865566474
"grad",4,5,20000,100,5,"vcm","3",3,NA,"lm_forest","theta1",0.0205495619104695
"grad",4,5,20000,100,5,"vcm","3",3,NA,"lm_forest","theta2",0.0123833404263787
"grad",4,5,20000,100,5,"vcm","3",3,NA,"lm_forest","theta3",0.022143656970642
"grad",4,5,20000,100,5,"vcm","3",3,NA,"lm_forest","theta4",0.0111439152303146
"FPT",4,5,20000,100,5,"vcm","3",3,NA,"lm_forest","theta1",0.0195767806057673
"FPT",4,5,20000,100,5,"vcm","3",3,NA,"lm_forest","theta2",0.0123052606410718
"FPT",4,5,20000,100,5,"vcm","3",3,NA,"lm_forest","theta3",0.0213692267773282
"FPT",4,5,20000,100,5,"vcm","3",3,NA,"lm_forest","theta4",0.0105804158179233
"grad",4,5,20000,100,6,"vcm","3",3,NA,"lm_forest","theta1",0.0096124742127419
"grad",4,5,20000,100,6,"vcm","3",3,NA,"lm_forest","theta2",0.00983540735403595
"grad",4,5,20000,100,6,"vcm","3",3,NA,"lm_forest","theta3",0.0177653611166912
"grad",4,5,20000,100,6,"vcm","3",3,NA,"lm_forest","theta4",0.0269421781848029
"FPT",4,5,20000,100,6,"vcm","3",3,NA,"lm_forest","theta1",0.00961966860009356
"FPT",4,5,20000,100,6,"vcm","3",3,NA,"lm_forest","theta2",0.00981589795472873
"FPT",4,5,20000,100,6,"vcm","3",3,NA,"lm_forest","theta3",0.0173930047996555
"FPT",4,5,20000,100,6,"vcm","3",3,NA,"lm_forest","theta4",0.0279971083376822
"grad",4,5,20000,100,7,"vcm","3",3,NA,"lm_forest","theta1",0.0281638737120675
"grad",4,5,20000,100,7,"vcm","3",3,NA,"lm_forest","theta2",0.0198665341047559
"grad",4,5,20000,100,7,"vcm","3",3,NA,"lm_forest","theta3",0.0203227062559818
"grad",4,5,20000,100,7,"vcm","3",3,NA,"lm_forest","theta4",0.011074672542082
"FPT",4,5,20000,100,7,"vcm","3",3,NA,"lm_forest","theta1",0.028531848983493
"FPT",4,5,20000,100,7,"vcm","3",3,NA,"lm_forest","theta2",0.0196759321245424
"FPT",4,5,20000,100,7,"vcm","3",3,NA,"lm_forest","theta3",0.0207360653993934
"FPT",4,5,20000,100,7,"vcm","3",3,NA,"lm_forest","theta4",0.0108690027732366
"grad",4,5,20000,100,8,"vcm","3",3,NA,"lm_forest","theta1",0.0328919186017853
"grad",4,5,20000,100,8,"vcm","3",3,NA,"lm_forest","theta2",0.0193856605473733
"grad",4,5,20000,100,8,"vcm","3",3,NA,"lm_forest","theta3",0.0234990799552988
"grad",4,5,20000,100,8,"vcm","3",3,NA,"lm_forest","theta4",0.0196802288506013
"FPT",4,5,20000,100,8,"vcm","3",3,NA,"lm_forest","theta1",0.0329996194410492
"FPT",4,5,20000,100,8,"vcm","3",3,NA,"lm_forest","theta2",0.0195978122912913
"FPT",4,5,20000,100,8,"vcm","3",3,NA,"lm_forest","theta3",0.0238491744750206
"FPT",4,5,20000,100,8,"vcm","3",3,NA,"lm_forest","theta4",0.0199691289443293
"grad",4,5,20000,100,9,"vcm","3",3,NA,"lm_forest","theta1",0.0208782888456333
"grad",4,5,20000,100,9,"vcm","3",3,NA,"lm_forest","theta2",0.0143064160130943
"grad",4,5,20000,100,9,"vcm","3",3,NA,"lm_forest","theta3",0.00863021747736404
"grad",4,5,20000,100,9,"vcm","3",3,NA,"lm_forest","theta4",0.0180055361656789
"FPT",4,5,20000,100,9,"vcm","3",3,NA,"lm_forest","theta1",0.0214139140471231
"FPT",4,5,20000,100,9,"vcm","3",3,NA,"lm_forest","theta2",0.0141698473947194
"FPT",4,5,20000,100,9,"vcm","3",3,NA,"lm_forest","theta3",0.00873998293475176
"FPT",4,5,20000,100,9,"vcm","3",3,NA,"lm_forest","theta4",0.0184703984924095
"grad",4,5,20000,100,10,"vcm","3",3,NA,"lm_forest","theta1",0.0389535897038334
"grad",4,5,20000,100,10,"vcm","3",3,NA,"lm_forest","theta2",0.0414335859222538
"grad",4,5,20000,100,10,"vcm","3",3,NA,"lm_forest","theta3",0.0129765426828919
"grad",4,5,20000,100,10,"vcm","3",3,NA,"lm_forest","theta4",0.0187569848123764
"FPT",4,5,20000,100,10,"vcm","3",3,NA,"lm_forest","theta1",0.0404044955657159
"FPT",4,5,20000,100,10,"vcm","3",3,NA,"lm_forest","theta2",0.0402540066954766
"FPT",4,5,20000,100,10,"vcm","3",3,NA,"lm_forest","theta3",0.0125812161116433
"FPT",4,5,20000,100,10,"vcm","3",3,NA,"lm_forest","theta4",0.0186442313690989
"grad",4,5,20000,100,11,"vcm","3",3,NA,"lm_forest","theta1",0.0333345697181656
"grad",4,5,20000,100,11,"vcm","3",3,NA,"lm_forest","theta2",0.0293732459308734
"grad",4,5,20000,100,11,"vcm","3",3,NA,"lm_forest","theta3",0.0156159890890628
"grad",4,5,20000,100,11,"vcm","3",3,NA,"lm_forest","theta4",0.0404604955023363
"FPT",4,5,20000,100,11,"vcm","3",3,NA,"lm_forest","theta1",0.0338738538714119
"FPT",4,5,20000,100,11,"vcm","3",3,NA,"lm_forest","theta2",0.0292223553823436
"FPT",4,5,20000,100,11,"vcm","3",3,NA,"lm_forest","theta3",0.0151015758264838
"FPT",4,5,20000,100,11,"vcm","3",3,NA,"lm_forest","theta4",0.0408487421880904
"grad",4,5,20000,100,12,"vcm","3",3,NA,"lm_forest","theta1",0.0109318709958294
"grad",4,5,20000,100,12,"vcm","3",3,NA,"lm_forest","theta2",0.0210701795615195
"grad",4,5,20000,100,12,"vcm","3",3,NA,"lm_forest","theta3",0.0336650539104958
"grad",4,5,20000,100,12,"vcm","3",3,NA,"lm_forest","theta4",0.0411262571986432
"FPT",4,5,20000,100,12,"vcm","3",3,NA,"lm_forest","theta1",0.01066443970762
"FPT",4,5,20000,100,12,"vcm","3",3,NA,"lm_forest","theta2",0.0212603026685405
"FPT",4,5,20000,100,12,"vcm","3",3,NA,"lm_forest","theta3",0.0343434541517888
"FPT",4,5,20000,100,12,"vcm","3",3,NA,"lm_forest","theta4",0.0410290847993263
"grad",4,5,20000,100,13,"vcm","3",3,NA,"lm_forest","theta1",0.0142098136627731
"grad",4,5,20000,100,13,"vcm","3",3,NA,"lm_forest","theta2",0.0324613533557049
"grad",4,5,20000,100,13,"vcm","3",3,NA,"lm_forest","theta3",0.0242913114126757
"grad",4,5,20000,100,13,"vcm","3",3,NA,"lm_forest","theta4",0.0414631244062975
"FPT",4,5,20000,100,13,"vcm","3",3,NA,"lm_forest","theta1",0.0146463983968174
"FPT",4,5,20000,100,13,"vcm","3",3,NA,"lm_forest","theta2",0.0323644927314457
"FPT",4,5,20000,100,13,"vcm","3",3,NA,"lm_forest","theta3",0.0243514872755226
"FPT",4,5,20000,100,13,"vcm","3",3,NA,"lm_forest","theta4",0.0408604600481854
"grad",4,5,20000,100,14,"vcm","3",3,NA,"lm_forest","theta1",0.0254926022857754
"grad",4,5,20000,100,14,"vcm","3",3,NA,"lm_forest","theta2",0.0137290146621204
"grad",4,5,20000,100,14,"vcm","3",3,NA,"lm_forest","theta3",0.03049508099729
"grad",4,5,20000,100,14,"vcm","3",3,NA,"lm_forest","theta4",0.0161031201942016
"FPT",4,5,20000,100,14,"vcm","3",3,NA,"lm_forest","theta1",0.0247335938354828
"FPT",4,5,20000,100,14,"vcm","3",3,NA,"lm_forest","theta2",0.0134008542429262
"FPT",4,5,20000,100,14,"vcm","3",3,NA,"lm_forest","theta3",0.030833588027013
"FPT",4,5,20000,100,14,"vcm","3",3,NA,"lm_forest","theta4",0.0157557323420067
"grad",4,5,20000,100,15,"vcm","3",3,NA,"lm_forest","theta1",0.0189929880612915
"grad",4,5,20000,100,15,"vcm","3",3,NA,"lm_forest","theta2",0.0377204369415829
"grad",4,5,20000,100,15,"vcm","3",3,NA,"lm_forest","theta3",0.0279193388069578
"grad",4,5,20000,100,15,"vcm","3",3,NA,"lm_forest","theta4",0.0221540471732357
"FPT",4,5,20000,100,15,"vcm","3",3,NA,"lm_forest","theta1",0.0190395352290922
"FPT",4,5,20000,100,15,"vcm","3",3,NA,"lm_forest","theta2",0.0377948110602119
"FPT",4,5,20000,100,15,"vcm","3",3,NA,"lm_forest","theta3",0.0284031774745091
"FPT",4,5,20000,100,15,"vcm","3",3,NA,"lm_forest","theta4",0.0217287103017621
"grad",4,5,20000,100,16,"vcm","3",3,NA,"lm_forest","theta1",0.0253681935810809
"grad",4,5,20000,100,16,"vcm","3",3,NA,"lm_forest","theta2",0.00995838588293434
"grad",4,5,20000,100,16,"vcm","3",3,NA,"lm_forest","theta3",0.0227056133472953
"grad",4,5,20000,100,16,"vcm","3",3,NA,"lm_forest","theta4",0.00962868406826148
"FPT",4,5,20000,100,16,"vcm","3",3,NA,"lm_forest","theta1",0.0267602285428294
"FPT",4,5,20000,100,16,"vcm","3",3,NA,"lm_forest","theta2",0.00992896617325892
"FPT",4,5,20000,100,16,"vcm","3",3,NA,"lm_forest","theta3",0.0223694280602578
"FPT",4,5,20000,100,16,"vcm","3",3,NA,"lm_forest","theta4",0.0093722760834421
"grad",4,5,20000,100,17,"vcm","3",3,NA,"lm_forest","theta1",0.0120557893849
"grad",4,5,20000,100,17,"vcm","3",3,NA,"lm_forest","theta2",0.021997812415172
"grad",4,5,20000,100,17,"vcm","3",3,NA,"lm_forest","theta3",0.0102045918606328
"grad",4,5,20000,100,17,"vcm","3",3,NA,"lm_forest","theta4",0.0263919875529231
"FPT",4,5,20000,100,17,"vcm","3",3,NA,"lm_forest","theta1",0.0122415497680418
"FPT",4,5,20000,100,17,"vcm","3",3,NA,"lm_forest","theta2",0.0219124967324276
"FPT",4,5,20000,100,17,"vcm","3",3,NA,"lm_forest","theta3",0.0104458944485292
"FPT",4,5,20000,100,17,"vcm","3",3,NA,"lm_forest","theta4",0.027195977425111
"grad",4,5,20000,100,18,"vcm","3",3,NA,"lm_forest","theta1",0.0429150562454427
"grad",4,5,20000,100,18,"vcm","3",3,NA,"lm_forest","theta2",0.0187637481492658
"grad",4,5,20000,100,18,"vcm","3",3,NA,"lm_forest","theta3",0.0181815403546442
"grad",4,5,20000,100,18,"vcm","3",3,NA,"lm_forest","theta4",0.0174263298549816
"FPT",4,5,20000,100,18,"vcm","3",3,NA,"lm_forest","theta1",0.0440479145678724
"FPT",4,5,20000,100,18,"vcm","3",3,NA,"lm_forest","theta2",0.0183892271687489
"FPT",4,5,20000,100,18,"vcm","3",3,NA,"lm_forest","theta3",0.0188177382321705
"FPT",4,5,20000,100,18,"vcm","3",3,NA,"lm_forest","theta4",0.0177192757627885
"grad",4,5,20000,100,19,"vcm","3",3,NA,"lm_forest","theta1",0.0328474643262445
"grad",4,5,20000,100,19,"vcm","3",3,NA,"lm_forest","theta2",0.0104642140481301
"grad",4,5,20000,100,19,"vcm","3",3,NA,"lm_forest","theta3",0.0265934340595528
"grad",4,5,20000,100,19,"vcm","3",3,NA,"lm_forest","theta4",0.00999411800925861
"FPT",4,5,20000,100,19,"vcm","3",3,NA,"lm_forest","theta1",0.031608976335154
"FPT",4,5,20000,100,19,"vcm","3",3,NA,"lm_forest","theta2",0.00998324742343389
"FPT",4,5,20000,100,19,"vcm","3",3,NA,"lm_forest","theta3",0.0267641407325098
"FPT",4,5,20000,100,19,"vcm","3",3,NA,"lm_forest","theta4",0.0103548183821321
"grad",4,5,20000,100,20,"vcm","3",3,NA,"lm_forest","theta1",0.0110582905965897
"grad",4,5,20000,100,20,"vcm","3",3,NA,"lm_forest","theta2",0.0107273430925852
"grad",4,5,20000,100,20,"vcm","3",3,NA,"lm_forest","theta3",0.0218387782822749
"grad",4,5,20000,100,20,"vcm","3",3,NA,"lm_forest","theta4",0.0467114116042274
"FPT",4,5,20000,100,20,"vcm","3",3,NA,"lm_forest","theta1",0.0112128434480585
"FPT",4,5,20000,100,20,"vcm","3",3,NA,"lm_forest","theta2",0.010339359375444
"FPT",4,5,20000,100,20,"vcm","3",3,NA,"lm_forest","theta3",0.0215546536301784
"FPT",4,5,20000,100,20,"vcm","3",3,NA,"lm_forest","theta4",0.0464224891286501
"grad",4,5,20000,100,21,"vcm","3",3,NA,"lm_forest","theta1",0.027034263732231
"grad",4,5,20000,100,21,"vcm","3",3,NA,"lm_forest","theta2",0.00808933125257413
"grad",4,5,20000,100,21,"vcm","3",3,NA,"lm_forest","theta3",0.00943585407238137
"grad",4,5,20000,100,21,"vcm","3",3,NA,"lm_forest","theta4",0.00863915259923293
"FPT",4,5,20000,100,21,"vcm","3",3,NA,"lm_forest","theta1",0.0274924519328362
"FPT",4,5,20000,100,21,"vcm","3",3,NA,"lm_forest","theta2",0.00811954378853088
"FPT",4,5,20000,100,21,"vcm","3",3,NA,"lm_forest","theta3",0.00953586708653063
"FPT",4,5,20000,100,21,"vcm","3",3,NA,"lm_forest","theta4",0.0080930595270696
"grad",4,5,20000,100,22,"vcm","3",3,NA,"lm_forest","theta1",0.0307270747605413
"grad",4,5,20000,100,22,"vcm","3",3,NA,"lm_forest","theta2",0.0286224437296713
"grad",4,5,20000,100,22,"vcm","3",3,NA,"lm_forest","theta3",0.0213441040051626
"grad",4,5,20000,100,22,"vcm","3",3,NA,"lm_forest","theta4",0.0268549044275909
"FPT",4,5,20000,100,22,"vcm","3",3,NA,"lm_forest","theta1",0.0305151293704592
"FPT",4,5,20000,100,22,"vcm","3",3,NA,"lm_forest","theta2",0.0287667525887989
"FPT",4,5,20000,100,22,"vcm","3",3,NA,"lm_forest","theta3",0.0207109700691531
"FPT",4,5,20000,100,22,"vcm","3",3,NA,"lm_forest","theta4",0.0262471812441844
"grad",4,5,20000,100,23,"vcm","3",3,NA,"lm_forest","theta1",0.0242965692290763
"grad",4,5,20000,100,23,"vcm","3",3,NA,"lm_forest","theta2",0.0221332044465773
"grad",4,5,20000,100,23,"vcm","3",3,NA,"lm_forest","theta3",0.0239728354713988
"grad",4,5,20000,100,23,"vcm","3",3,NA,"lm_forest","theta4",0.00930360535561954
"FPT",4,5,20000,100,23,"vcm","3",3,NA,"lm_forest","theta1",0.0250717548619812
"FPT",4,5,20000,100,23,"vcm","3",3,NA,"lm_forest","theta2",0.0219593157303685
"FPT",4,5,20000,100,23,"vcm","3",3,NA,"lm_forest","theta3",0.0254971665966604
"FPT",4,5,20000,100,23,"vcm","3",3,NA,"lm_forest","theta4",0.00939575535680381
"grad",4,5,20000,100,24,"vcm","3",3,NA,"lm_forest","theta1",0.0236106539821462
"grad",4,5,20000,100,24,"vcm","3",3,NA,"lm_forest","theta2",0.0264872494743024
"grad",4,5,20000,100,24,"vcm","3",3,NA,"lm_forest","theta3",0.0131292165921157
"grad",4,5,20000,100,24,"vcm","3",3,NA,"lm_forest","theta4",0.0270767250218652
"FPT",4,5,20000,100,24,"vcm","3",3,NA,"lm_forest","theta1",0.0239496954821547
"FPT",4,5,20000,100,24,"vcm","3",3,NA,"lm_forest","theta2",0.0257129005216555
"FPT",4,5,20000,100,24,"vcm","3",3,NA,"lm_forest","theta3",0.0127441998152635
"FPT",4,5,20000,100,24,"vcm","3",3,NA,"lm_forest","theta4",0.0269476203090554
"grad",4,5,20000,100,25,"vcm","3",3,NA,"lm_forest","theta1",0.0113863228752126
"grad",4,5,20000,100,25,"vcm","3",3,NA,"lm_forest","theta2",0.00984366648930549
"grad",4,5,20000,100,25,"vcm","3",3,NA,"lm_forest","theta3",0.0296181394545148
"grad",4,5,20000,100,25,"vcm","3",3,NA,"lm_forest","theta4",0.0184904818983371
"FPT",4,5,20000,100,25,"vcm","3",3,NA,"lm_forest","theta1",0.0116660465439598
"FPT",4,5,20000,100,25,"vcm","3",3,NA,"lm_forest","theta2",0.00935957892673498
"FPT",4,5,20000,100,25,"vcm","3",3,NA,"lm_forest","theta3",0.0295042326662693
"FPT",4,5,20000,100,25,"vcm","3",3,NA,"lm_forest","theta4",0.0185380871689722
"grad",4,5,20000,100,26,"vcm","3",3,NA,"lm_forest","theta1",0.0288859110722658
"grad",4,5,20000,100,26,"vcm","3",3,NA,"lm_forest","theta2",0.0131963594803702
"grad",4,5,20000,100,26,"vcm","3",3,NA,"lm_forest","theta3",0.043740649485017
"grad",4,5,20000,100,26,"vcm","3",3,NA,"lm_forest","theta4",0.0386099062256075
"FPT",4,5,20000,100,26,"vcm","3",3,NA,"lm_forest","theta1",0.0286447747290983
"FPT",4,5,20000,100,26,"vcm","3",3,NA,"lm_forest","theta2",0.0129060592965604
"FPT",4,5,20000,100,26,"vcm","3",3,NA,"lm_forest","theta3",0.0429231189296848
"FPT",4,5,20000,100,26,"vcm","3",3,NA,"lm_forest","theta4",0.0386785455925429
"grad",4,5,20000,100,27,"vcm","3",3,NA,"lm_forest","theta1",0.010788024824356
"grad",4,5,20000,100,27,"vcm","3",3,NA,"lm_forest","theta2",0.0105584298368605
"grad",4,5,20000,100,27,"vcm","3",3,NA,"lm_forest","theta3",0.0301303013340167
"grad",4,5,20000,100,27,"vcm","3",3,NA,"lm_forest","theta4",0.0188867449471465
"FPT",4,5,20000,100,27,"vcm","3",3,NA,"lm_forest","theta1",0.0107829925311957
"FPT",4,5,20000,100,27,"vcm","3",3,NA,"lm_forest","theta2",0.0106457930238679
"FPT",4,5,20000,100,27,"vcm","3",3,NA,"lm_forest","theta3",0.0317554640570707
"FPT",4,5,20000,100,27,"vcm","3",3,NA,"lm_forest","theta4",0.0190258334008168
"grad",4,5,20000,100,28,"vcm","3",3,NA,"lm_forest","theta1",0.0239143139928751
"grad",4,5,20000,100,28,"vcm","3",3,NA,"lm_forest","theta2",0.02804568686277
"grad",4,5,20000,100,28,"vcm","3",3,NA,"lm_forest","theta3",0.0240275527480622
"grad",4,5,20000,100,28,"vcm","3",3,NA,"lm_forest","theta4",0.0306921431290296
"FPT",4,5,20000,100,28,"vcm","3",3,NA,"lm_forest","theta1",0.0237246576604424
"FPT",4,5,20000,100,28,"vcm","3",3,NA,"lm_forest","theta2",0.0292105855631385
"FPT",4,5,20000,100,28,"vcm","3",3,NA,"lm_forest","theta3",0.0246031791695094
"FPT",4,5,20000,100,28,"vcm","3",3,NA,"lm_forest","theta4",0.0315194885463108
"grad",4,5,20000,100,29,"vcm","3",3,NA,"lm_forest","theta1",0.0138471358106359
"grad",4,5,20000,100,29,"vcm","3",3,NA,"lm_forest","theta2",0.0387545116414623
"grad",4,5,20000,100,29,"vcm","3",3,NA,"lm_forest","theta3",0.0203386371261123
"grad",4,5,20000,100,29,"vcm","3",3,NA,"lm_forest","theta4",0.0110240072342575
"FPT",4,5,20000,100,29,"vcm","3",3,NA,"lm_forest","theta1",0.013545662797368
"FPT",4,5,20000,100,29,"vcm","3",3,NA,"lm_forest","theta2",0.0385535939870313
"FPT",4,5,20000,100,29,"vcm","3",3,NA,"lm_forest","theta3",0.0204029488892496
"FPT",4,5,20000,100,29,"vcm","3",3,NA,"lm_forest","theta4",0.0108370056911606
"grad",4,5,20000,100,30,"vcm","3",3,NA,"lm_forest","theta1",0.0153435819199666
"grad",4,5,20000,100,30,"vcm","3",3,NA,"lm_forest","theta2",0.0201072604476784
"grad",4,5,20000,100,30,"vcm","3",3,NA,"lm_forest","theta3",0.0106757139006633
"grad",4,5,20000,100,30,"vcm","3",3,NA,"lm_forest","theta4",0.019324294313941
"FPT",4,5,20000,100,30,"vcm","3",3,NA,"lm_forest","theta1",0.0150459501260348
"FPT",4,5,20000,100,30,"vcm","3",3,NA,"lm_forest","theta2",0.0200065056668701
"FPT",4,5,20000,100,30,"vcm","3",3,NA,"lm_forest","theta3",0.00995868369924425
"FPT",4,5,20000,100,30,"vcm","3",3,NA,"lm_forest","theta4",0.0189324899723895
"grad",4,5,20000,100,31,"vcm","3",3,NA,"lm_forest","theta1",0.029994318808672
"grad",4,5,20000,100,31,"vcm","3",3,NA,"lm_forest","theta2",0.0287964334976061
"grad",4,5,20000,100,31,"vcm","3",3,NA,"lm_forest","theta3",0.0176091825032242
"grad",4,5,20000,100,31,"vcm","3",3,NA,"lm_forest","theta4",0.0115403679052562
"FPT",4,5,20000,100,31,"vcm","3",3,NA,"lm_forest","theta1",0.0294742724025384
"FPT",4,5,20000,100,31,"vcm","3",3,NA,"lm_forest","theta2",0.0293001354299815
"FPT",4,5,20000,100,31,"vcm","3",3,NA,"lm_forest","theta3",0.0182655803998943
"FPT",4,5,20000,100,31,"vcm","3",3,NA,"lm_forest","theta4",0.0115953828662564
"grad",4,5,20000,100,32,"vcm","3",3,NA,"lm_forest","theta1",0.0331007221868664
"grad",4,5,20000,100,32,"vcm","3",3,NA,"lm_forest","theta2",0.0351093185087154
"grad",4,5,20000,100,32,"vcm","3",3,NA,"lm_forest","theta3",0.0163743379921021
"grad",4,5,20000,100,32,"vcm","3",3,NA,"lm_forest","theta4",0.0136528830734227
"FPT",4,5,20000,100,32,"vcm","3",3,NA,"lm_forest","theta1",0.0334992738961733
"FPT",4,5,20000,100,32,"vcm","3",3,NA,"lm_forest","theta2",0.0350230710896339
"FPT",4,5,20000,100,32,"vcm","3",3,NA,"lm_forest","theta3",0.0157100736005902
"FPT",4,5,20000,100,32,"vcm","3",3,NA,"lm_forest","theta4",0.0130938281046725
"grad",4,5,20000,100,33,"vcm","3",3,NA,"lm_forest","theta1",0.0199691801721666
"grad",4,5,20000,100,33,"vcm","3",3,NA,"lm_forest","theta2",0.0249620014573804
"grad",4,5,20000,100,33,"vcm","3",3,NA,"lm_forest","theta3",0.0270985849949896
"grad",4,5,20000,100,33,"vcm","3",3,NA,"lm_forest","theta4",0.00952997428068658
"FPT",4,5,20000,100,33,"vcm","3",3,NA,"lm_forest","theta1",0.019430555131341
"FPT",4,5,20000,100,33,"vcm","3",3,NA,"lm_forest","theta2",0.0252593581050502
"FPT",4,5,20000,100,33,"vcm","3",3,NA,"lm_forest","theta3",0.0267041597870975
"FPT",4,5,20000,100,33,"vcm","3",3,NA,"lm_forest","theta4",0.00954621913095899
"grad",4,5,20000,100,34,"vcm","3",3,NA,"lm_forest","theta1",0.0451597343876713
"grad",4,5,20000,100,34,"vcm","3",3,NA,"lm_forest","theta2",0.0367375268182788
"grad",4,5,20000,100,34,"vcm","3",3,NA,"lm_forest","theta3",0.0393493471471181
"grad",4,5,20000,100,34,"vcm","3",3,NA,"lm_forest","theta4",0.0128282014849502
"FPT",4,5,20000,100,34,"vcm","3",3,NA,"lm_forest","theta1",0.0458595367042532
"FPT",4,5,20000,100,34,"vcm","3",3,NA,"lm_forest","theta2",0.036283888237454
"FPT",4,5,20000,100,34,"vcm","3",3,NA,"lm_forest","theta3",0.0387688430727648
"FPT",4,5,20000,100,34,"vcm","3",3,NA,"lm_forest","theta4",0.012730862236429
"grad",4,5,20000,100,35,"vcm","3",3,NA,"lm_forest","theta1",0.0206471584838796
"grad",4,5,20000,100,35,"vcm","3",3,NA,"lm_forest","theta2",0.0444976572237871
"grad",4,5,20000,100,35,"vcm","3",3,NA,"lm_forest","theta3",0.0245312972754365
"grad",4,5,20000,100,35,"vcm","3",3,NA,"lm_forest","theta4",0.0407028304606093
"FPT",4,5,20000,100,35,"vcm","3",3,NA,"lm_forest","theta1",0.0202519581349324
"FPT",4,5,20000,100,35,"vcm","3",3,NA,"lm_forest","theta2",0.0438833922362869
"FPT",4,5,20000,100,35,"vcm","3",3,NA,"lm_forest","theta3",0.0243216950158865
"FPT",4,5,20000,100,35,"vcm","3",3,NA,"lm_forest","theta4",0.0400385735713772
"grad",4,5,20000,100,36,"vcm","3",3,NA,"lm_forest","theta1",0.0348942555616466
"grad",4,5,20000,100,36,"vcm","3",3,NA,"lm_forest","theta2",0.014566332216387
"grad",4,5,20000,100,36,"vcm","3",3,NA,"lm_forest","theta3",0.0327066453481201
"grad",4,5,20000,100,36,"vcm","3",3,NA,"lm_forest","theta4",0.0130741593804977
"FPT",4,5,20000,100,36,"vcm","3",3,NA,"lm_forest","theta1",0.0351148246057932
"FPT",4,5,20000,100,36,"vcm","3",3,NA,"lm_forest","theta2",0.0147579625315983
"FPT",4,5,20000,100,36,"vcm","3",3,NA,"lm_forest","theta3",0.0329904236029625
"FPT",4,5,20000,100,36,"vcm","3",3,NA,"lm_forest","theta4",0.0132172424104251
"grad",4,5,20000,100,37,"vcm","3",3,NA,"lm_forest","theta1",0.00902967678208466
"grad",4,5,20000,100,37,"vcm","3",3,NA,"lm_forest","theta2",0.00894021157180598
"grad",4,5,20000,100,37,"vcm","3",3,NA,"lm_forest","theta3",0.0257679050130362
"grad",4,5,20000,100,37,"vcm","3",3,NA,"lm_forest","theta4",0.0139952226891819
"FPT",4,5,20000,100,37,"vcm","3",3,NA,"lm_forest","theta1",0.00911765202073651
"FPT",4,5,20000,100,37,"vcm","3",3,NA,"lm_forest","theta2",0.00880227841289614
"FPT",4,5,20000,100,37,"vcm","3",3,NA,"lm_forest","theta3",0.0247902589739282
"FPT",4,5,20000,100,37,"vcm","3",3,NA,"lm_forest","theta4",0.0130098766330085
"grad",4,5,20000,100,38,"vcm","3",3,NA,"lm_forest","theta1",0.0104365109082413
"grad",4,5,20000,100,38,"vcm","3",3,NA,"lm_forest","theta2",0.031836597529528
"grad",4,5,20000,100,38,"vcm","3",3,NA,"lm_forest","theta3",0.0236162146197205
"grad",4,5,20000,100,38,"vcm","3",3,NA,"lm_forest","theta4",0.0276553039789599
"FPT",4,5,20000,100,38,"vcm","3",3,NA,"lm_forest","theta1",0.0104309258491572
"FPT",4,5,20000,100,38,"vcm","3",3,NA,"lm_forest","theta2",0.0322275675052343
"FPT",4,5,20000,100,38,"vcm","3",3,NA,"lm_forest","theta3",0.024890670441064
"FPT",4,5,20000,100,38,"vcm","3",3,NA,"lm_forest","theta4",0.0281955499671868
"grad",4,5,20000,100,39,"vcm","3",3,NA,"lm_forest","theta1",0.0111802076440745
"grad",4,5,20000,100,39,"vcm","3",3,NA,"lm_forest","theta2",0.0382691988292194
"grad",4,5,20000,100,39,"vcm","3",3,NA,"lm_forest","theta3",0.0304791157268538
"grad",4,5,20000,100,39,"vcm","3",3,NA,"lm_forest","theta4",0.0141850076573348
"FPT",4,5,20000,100,39,"vcm","3",3,NA,"lm_forest","theta1",0.0106865612846357
"FPT",4,5,20000,100,39,"vcm","3",3,NA,"lm_forest","theta2",0.039263167953966
"FPT",4,5,20000,100,39,"vcm","3",3,NA,"lm_forest","theta3",0.0313556824968149
"FPT",4,5,20000,100,39,"vcm","3",3,NA,"lm_forest","theta4",0.0136718128837769
"grad",4,5,20000,100,40,"vcm","3",3,NA,"lm_forest","theta1",0.0138514218212492
"grad",4,5,20000,100,40,"vcm","3",3,NA,"lm_forest","theta2",0.0267568020667064
"grad",4,5,20000,100,40,"vcm","3",3,NA,"lm_forest","theta3",0.0161123142713976
"grad",4,5,20000,100,40,"vcm","3",3,NA,"lm_forest","theta4",0.0209541089137593
"FPT",4,5,20000,100,40,"vcm","3",3,NA,"lm_forest","theta1",0.0126322968137122
"FPT",4,5,20000,100,40,"vcm","3",3,NA,"lm_forest","theta2",0.0271811416595131
"FPT",4,5,20000,100,40,"vcm","3",3,NA,"lm_forest","theta3",0.0162849426993255
"FPT",4,5,20000,100,40,"vcm","3",3,NA,"lm_forest","theta4",0.0211072163367943
"grad",4,5,20000,100,41,"vcm","3",3,NA,"lm_forest","theta1",0.017208441273206
"grad",4,5,20000,100,41,"vcm","3",3,NA,"lm_forest","theta2",0.0326287605945913
"grad",4,5,20000,100,41,"vcm","3",3,NA,"lm_forest","theta3",0.0212583526370385
"grad",4,5,20000,100,41,"vcm","3",3,NA,"lm_forest","theta4",0.0106169467849098
"FPT",4,5,20000,100,41,"vcm","3",3,NA,"lm_forest","theta1",0.017303755408985
"FPT",4,5,20000,100,41,"vcm","3",3,NA,"lm_forest","theta2",0.0319465235981942
"FPT",4,5,20000,100,41,"vcm","3",3,NA,"lm_forest","theta3",0.0213648992322374
"FPT",4,5,20000,100,41,"vcm","3",3,NA,"lm_forest","theta4",0.0106214352348204
"grad",4,5,20000,100,42,"vcm","3",3,NA,"lm_forest","theta1",0.0376508189813554
"grad",4,5,20000,100,42,"vcm","3",3,NA,"lm_forest","theta2",0.042606100930234
"grad",4,5,20000,100,42,"vcm","3",3,NA,"lm_forest","theta3",0.0422476196948471
"grad",4,5,20000,100,42,"vcm","3",3,NA,"lm_forest","theta4",0.0157717764899132
"FPT",4,5,20000,100,42,"vcm","3",3,NA,"lm_forest","theta1",0.0381040566473639
"FPT",4,5,20000,100,42,"vcm","3",3,NA,"lm_forest","theta2",0.0434593021443869
"FPT",4,5,20000,100,42,"vcm","3",3,NA,"lm_forest","theta3",0.0420194692615513
"FPT",4,5,20000,100,42,"vcm","3",3,NA,"lm_forest","theta4",0.0160314646298616
"grad",4,5,20000,100,43,"vcm","3",3,NA,"lm_forest","theta1",0.0388901527840765
"grad",4,5,20000,100,43,"vcm","3",3,NA,"lm_forest","theta2",0.0439221980231581
"grad",4,5,20000,100,43,"vcm","3",3,NA,"lm_forest","theta3",0.0313895243656509
"grad",4,5,20000,100,43,"vcm","3",3,NA,"lm_forest","theta4",0.0318700630521972
"FPT",4,5,20000,100,43,"vcm","3",3,NA,"lm_forest","theta1",0.0378459318890146
"FPT",4,5,20000,100,43,"vcm","3",3,NA,"lm_forest","theta2",0.0438227823650662
"FPT",4,5,20000,100,43,"vcm","3",3,NA,"lm_forest","theta3",0.0317314826759331
"FPT",4,5,20000,100,43,"vcm","3",3,NA,"lm_forest","theta4",0.0341862420606448
"grad",4,5,20000,100,44,"vcm","3",3,NA,"lm_forest","theta1",0.0362811117862718
"grad",4,5,20000,100,44,"vcm","3",3,NA,"lm_forest","theta2",0.0377556214048955
"grad",4,5,20000,100,44,"vcm","3",3,NA,"lm_forest","theta3",0.0272663336461715
"grad",4,5,20000,100,44,"vcm","3",3,NA,"lm_forest","theta4",0.0144616400028014
"FPT",4,5,20000,100,44,"vcm","3",3,NA,"lm_forest","theta1",0.0352376443243205
"FPT",4,5,20000,100,44,"vcm","3",3,NA,"lm_forest","theta2",0.0389344133035975
"FPT",4,5,20000,100,44,"vcm","3",3,NA,"lm_forest","theta3",0.0272487840367349
"FPT",4,5,20000,100,44,"vcm","3",3,NA,"lm_forest","theta4",0.014832580668598
"grad",4,5,20000,100,45,"vcm","3",3,NA,"lm_forest","theta1",0.0109270227148146
"grad",4,5,20000,100,45,"vcm","3",3,NA,"lm_forest","theta2",0.0242482224196229
"grad",4,5,20000,100,45,"vcm","3",3,NA,"lm_forest","theta3",0.0183081813661813
"grad",4,5,20000,100,45,"vcm","3",3,NA,"lm_forest","theta4",0.0154867586775599
"FPT",4,5,20000,100,45,"vcm","3",3,NA,"lm_forest","theta1",0.0104859978275964
"FPT",4,5,20000,100,45,"vcm","3",3,NA,"lm_forest","theta2",0.0241497941049156
"FPT",4,5,20000,100,45,"vcm","3",3,NA,"lm_forest","theta3",0.0187611123156644
"FPT",4,5,20000,100,45,"vcm","3",3,NA,"lm_forest","theta4",0.0147748313186071
"grad",4,5,20000,100,46,"vcm","3",3,NA,"lm_forest","theta1",0.0294227904313867
"grad",4,5,20000,100,46,"vcm","3",3,NA,"lm_forest","theta2",0.0389696255419779
"grad",4,5,20000,100,46,"vcm","3",3,NA,"lm_forest","theta3",0.0178701676179688
"grad",4,5,20000,100,46,"vcm","3",3,NA,"lm_forest","theta4",0.0329307953312083
"FPT",4,5,20000,100,46,"vcm","3",3,NA,"lm_forest","theta1",0.0293788554450441
"FPT",4,5,20000,100,46,"vcm","3",3,NA,"lm_forest","theta2",0.0393796418026807
"FPT",4,5,20000,100,46,"vcm","3",3,NA,"lm_forest","theta3",0.0186362595358481
"FPT",4,5,20000,100,46,"vcm","3",3,NA,"lm_forest","theta4",0.0330485878850252
"grad",4,5,20000,100,47,"vcm","3",3,NA,"lm_forest","theta1",0.00935639989108341
"grad",4,5,20000,100,47,"vcm","3",3,NA,"lm_forest","theta2",0.0184112709375357
"grad",4,5,20000,100,47,"vcm","3",3,NA,"lm_forest","theta3",0.021911898234207
"grad",4,5,20000,100,47,"vcm","3",3,NA,"lm_forest","theta4",0.0220663764733818
"FPT",4,5,20000,100,47,"vcm","3",3,NA,"lm_forest","theta1",0.00903068549147673
"FPT",4,5,20000,100,47,"vcm","3",3,NA,"lm_forest","theta2",0.0192741544872652
"FPT",4,5,20000,100,47,"vcm","3",3,NA,"lm_forest","theta3",0.024216508098721
"FPT",4,5,20000,100,47,"vcm","3",3,NA,"lm_forest","theta4",0.0221995310955764
"grad",4,5,20000,100,48,"vcm","3",3,NA,"lm_forest","theta1",0.0194591629171229
"grad",4,5,20000,100,48,"vcm","3",3,NA,"lm_forest","theta2",0.039352575724485
"grad",4,5,20000,100,48,"vcm","3",3,NA,"lm_forest","theta3",0.0306663840545034
"grad",4,5,20000,100,48,"vcm","3",3,NA,"lm_forest","theta4",0.0279430376880122
"FPT",4,5,20000,100,48,"vcm","3",3,NA,"lm_forest","theta1",0.0192769787634067
"FPT",4,5,20000,100,48,"vcm","3",3,NA,"lm_forest","theta2",0.0372687613652387
"FPT",4,5,20000,100,48,"vcm","3",3,NA,"lm_forest","theta3",0.0300394253577404
"FPT",4,5,20000,100,48,"vcm","3",3,NA,"lm_forest","theta4",0.0291998468276977
"grad",4,5,20000,100,49,"vcm","3",3,NA,"lm_forest","theta1",0.0288058911202608
"grad",4,5,20000,100,49,"vcm","3",3,NA,"lm_forest","theta2",0.012412883851015
"grad",4,5,20000,100,49,"vcm","3",3,NA,"lm_forest","theta3",0.0280389356988781
"grad",4,5,20000,100,49,"vcm","3",3,NA,"lm_forest","theta4",0.0156647461994362
"FPT",4,5,20000,100,49,"vcm","3",3,NA,"lm_forest","theta1",0.0291473152129974
"FPT",4,5,20000,100,49,"vcm","3",3,NA,"lm_forest","theta2",0.0119655410463181
"FPT",4,5,20000,100,49,"vcm","3",3,NA,"lm_forest","theta3",0.0276222929013754
"FPT",4,5,20000,100,49,"vcm","3",3,NA,"lm_forest","theta4",0.0158400210524474
"grad",4,5,20000,100,50,"vcm","3",3,NA,"lm_forest","theta1",0.0271266239274479
"grad",4,5,20000,100,50,"vcm","3",3,NA,"lm_forest","theta2",0.0204461781284867
"grad",4,5,20000,100,50,"vcm","3",3,NA,"lm_forest","theta3",0.0323645982292459
"grad",4,5,20000,100,50,"vcm","3",3,NA,"lm_forest","theta4",0.0386853573758128
"FPT",4,5,20000,100,50,"vcm","3",3,NA,"lm_forest","theta1",0.0281965805453528
"FPT",4,5,20000,100,50,"vcm","3",3,NA,"lm_forest","theta2",0.0198372458131592
"FPT",4,5,20000,100,50,"vcm","3",3,NA,"lm_forest","theta3",0.031323148151993
"FPT",4,5,20000,100,50,"vcm","3",3,NA,"lm_forest","theta4",0.0394812093873382
